rgb_0.png,89.73,89.01,7,36,78,1,0.478139958,-0.653621182,-1.842762955,-1.203353159,-0.475148617,0.020440372
rgb_1.png,99.49,89.73,8,37,0,2,0.223044784,-0.5142018,-1.790539195,-1.396218564,-0.049276474,0.120356762
rgb_2.png,109.38,89.67,9,38,1,3,0.302888548,-0.341419047,-1.708566991,-1.227562016,0.04862683,-0.136855529
rgb_3.png,121.24,90.85,10,39,2,4,0.342830961,-0.067617335,-1.503618853,-1.447775281,0.187701175,0.020323314
rgb_4.png,129.79,89.25,11,40,3,5,0.410935141,0.152490326,-1.255009195,-1.38839467,0.29704802,-0.009122918
rgb_5.png,140.88,89.23,12,41,4,6,0.485849691,0.409309132,-0.912920208,-1.340889792,0.392495863,0.019211874
rgb_6.png,148.91,89.66,200,42,5,200,0.550366875,0.670354006,-0.513754254,-1.178849437,0.488317383,-0.003099999
rgb_7.png,90.93,85.43,13,0,84,8,0.448343357,-0.663688883,-1.724166137,-0.856532443,-0.448075744,-0.176537825
rgb_8.png,98.23,85.93,14,1,7,9,0.223090057,-0.646664153,-1.552393197,0.206643164,-0.091961353,-1.112536085
rgb_9.png,108.74,85.66,15,2,8,10,0.263362837,-0.246083204,-1.00667556,1.476206541,-0.122824981,-2.23319651
rgb_10.png,118.26,86.23,16,3,9,11,0.299537119,0.118458294,-0.579323942,2.025043735,-0.237378596,-2.731601063
rgb_11.png,128.25,84.77,17,4,10,12,-2.189844382,-0.070671372,1.216879235,0.946303213,2.866386999,-0.33497027
rgb_12.png,138.68,83.37,18,5,11,200,0.464310823,1.108877775,0.620210286,-0.694884314,0.421986644,0.191650081
rgb_13.png,89.45,80.23,19,7,84,8,0.054168785,-0.722992555,-1.295540613,0.701542644,-0.17366329,-1.264374982
rgb_14.png,98.8,79.47,20,8,13,15,0.153752926,0.834944179,1.009159104,-1.247329606,0.181947974,1.424141925
rgb_15.png,109.44,79.27,21,9,14,16,0.225006921,1.012360965,1.071476257,-0.849774849,0.214410462,0.895077875
rgb_16.png,120.01,80.13,22,10,15,17,0.292898732,1.056768575,0.937037648,-0.799369334,0.283991815,0.667656472
rgb_17.png,128.71,79.24,23,11,16,18,0.346613687,1.031970641,0.703712203,-0.793222363,0.398802173,0.438279256
rgb_18.png,139.31,80.45,200,12,17,200,-2.233207705,-0.853723817,-0.549700415,-1.03654628,2.968978369,-1.347081829
rgb_19.png,91.37,75.19,24,13,95,20,-0.036211295,-0.493623075,-0.841131851,1.351757167,-0.262148157,-1.706807875
rgb_20.png,98.61,74.84,25,14,19,21,0.06569708,-0.275807329,-0.650903663,1.605296636,-0.278258475,-1.988190339
rgb_21.png,110.04,76.36,26,15,20,22,0.20324439,-0.087477332,-0.581288483,1.53991704,-0.29760518,-2.062686672
rgb_22.png,118.79,74.79,27,16,21,23,0.279507985,0.306357023,-0.550012409,-1.700922999,0.360119479,0.819616344
rgb_23.png,129.59,74.59,28,17,22,200,-2.216276456,-0.161513732,0.719822125,-0.02811323,2.795041385,-0.874983032
rgb_24.png,90.1,69.99,29,19,100,25,0.356002503,-0.520429621,-1.129143541,0.180179048,-0.498813755,-0.730718186
rgb_25.png,99.63,70.76,30,20,24,26,0.07573114,-0.1322139,-0.373234485,1.618746914,-0.362463867,-1.867405514
rgb_26.png,108.84,69.55,31,21,25,27,-1.956453937,0.226136973,1.028623779,0.337638021,2.254542436,-0.301247866
rgb_27.png,119.98,71.2,32,22,26,28,-2.17226535,0.017801318,0.842269105,0.104485397,2.583856438,-0.639216452
rgb_28.png,128.01,69.35,200,23,27,200,-2.22478565,-0.324789225,0.250127209,-0.487000136,2.729279774,-1.024748195
rgb_29.png,89.07,64.5,33,24,104,30,0.402661995,-0.400593227,-0.849770395,0.404773709,-0.587422025,-0.76248028
rgb_30.png,100.05,65.99,34,25,29,31,-1.547194613,0.317043242,0.932193706,0.165416829,1.703318944,-0.065059769
rgb_31.png,109.93,65.17,35,26,30,32,-1.957816615,0.130803885,0.792216181,0.087204943,2.224956306,-0.379715948
rgb_32.png,120.02,63.85,200,27,31,200,-2.1516781,-0.179772958,0.363819649,-0.261113611,2.514699588,-0.697435114
rgb_33.png,89.16,59.82,200,29,108,34,0.462640243,-0.206324411,-0.479728064,0.638293982,-0.678926332,-0.793820507
rgb_34.png,99.93,60.33,200,30,33,35,-1.578999268,-0.445153874,-0.638904894,-0.718586465,1.736235245,-0.084330355
rgb_35.png,109.32,59.3,200,31,34,200,-1.981187038,-0.308356376,-0.172380569,-0.541536292,2.216381724,-0.446549047
rgb_36.png,90.86,96.27,0,43,111,37,0.619531595,-0.592148391,-1.956898714,-1.500344272,-0.63142547,0.100311665
rgb_37.png,99.61,95.61,1,44,36,38,0.338704631,-0.423201279,-1.851928456,-1.897461703,-0.189802546,0.471666079
rgb_38.png,109.52,95.4,2,45,37,39,0.390893809,-0.050666563,-1.455354232,-2.510002965,-0.108718291,1.109240592
rgb_39.png,118.5,95.76,3,46,38,40,0.40620196,0.205516425,-0.827325065,2.81578439,-0.143784822,2.44110847
rgb_40.png,128.8,94.85,4,47,39,41,0.452315052,0.457769676,-0.375103667,2.6481603,-0.250991289,2.812306645
rgb_41.png,139.61,95.58,5,48,40,42,-2.1528747,-0.363511978,0.590572047,-1.528478365,-2.999095742,-2.492356063
rgb_42.png,150.39,94.93,6,49,41,200,0.569997681,0.563210011,-0.798518587,-1.186600278,0.480130158,-0.159518144
rgb_43.png,90.73,100.25,36,50,117,44,0.721145949,-0.488247176,-2.002220187,-1.778862318,-0.729567921,0.198163022
rgb_44.png,99.75,99.21,37,51,43,45,0.436793028,-0.343258863,-1.882980269,-2.127625894,-0.317392942,0.569593803
rgb_45.png,108.97,99.4,38,52,44,46,0.400207057,-0.045675351,-1.512002686,-2.736801621,-0.193121033,1.265905154
rgb_46.png,118.66,100.8,39,53,45,47,0.451557285,0.191261865,-1.062262679,3.005285002,-0.184525245,2.022040928
rgb_47.png,129.82,98.86,40,54,46,48,0.502537072,0.985893818,0.523383983,-2.881374265,-0.261860768,2.43251895
rgb_48.png,138.73,98.86,41,55,47,49,-2.124985663,-0.568657771,0.801078872,2.251754237,2.911797441,0.873614185
rgb_49.png,148.97,99.24,42,56,48,200,-2.127013621,-0.318403552,1.045292256,-0.049388663,-2.965236978,-1.414809241
rgb_50.png,90.84,104.97,43,57,123,51,0.78379586,-0.421461701,-2.062365179,-2.007022376,-0.815829559,0.253091775
rgb_51.png,99.33,103.99,44,58,50,52,0.574568621,-0.274628843,-1.941901984,-2.245405413,-0.477592051,0.536407428
rgb_52.png,108.69,103.91,45,59,51,53,0.536111962,-0.033345265,-1.664998633,-2.576760413,-0.316449525,0.91850907
rgb_53.png,120.23,104.44,46,60,52,54,0.50367791,1.350157271,1.749127134,1.910603718,0.263616041,-1.499588501
rgb_54.png,130.86,104.22,47,61,53,55,0.535178666,1.515347066,1.674616881,1.221010861,0.309987912,-1.033259802
rgb_55.png,140.61,104.08,48,62,54,56,0.58998699,1.581518944,1.458041498,0.633154078,0.380149652,-0.7241545
rgb_56.png,150.84,104.12,49,63,55,200,0.637502859,1.55769758,1.195342963,0.238963603,0.485978786,-0.536584488
rgb_57.png,90.86,109.75,50,64,129,58,0.878804025,-0.314464591,-2.097685599,-2.228256169,-0.935924668,0.281664623
rgb_58.png,99.31,110.03,51,65,57,59,0.664288474,-0.181792117,-1.986494837,-2.468856242,-0.600336171,0.577754379
rgb_59.png,109.75,111.07,52,66,58,60,0.606413178,0.017659741,-1.74632726,-2.724402133,-0.424349519,0.913135314
rgb_60.png,119.67,109.1,53,67,59,61,0.580031497,0.214262463,-1.367645824,-3.020464307,-0.342889984,1.422499792
rgb_61.png,129.04,108.96,54,68,60,62,0.591769966,1.555808008,1.747818092,1.480011646,0.367783015,-1.259278613
rgb_62.png,141.11,109.34,55,69,61,63,0.653010637,1.619481708,1.554019458,0.96806626,0.406441963,-1.000481436
rgb_63.png,150.89,109.06,56,70,62,200,0.675661256,1.634311748,1.323501508,0.48334302,0.499576552,-0.727517956
rgb_64.png,91.16,114.84,57,71,135,65,0.972287686,-0.163518129,-2.054542996,-2.393074366,-1.039789061,0.266003385
rgb_65.png,99.12,113.92,58,72,64,66,0.78731343,-0.088552103,-1.97367459,-2.562539701,-0.734132662,0.5387505
rgb_66.png,108.31,115.32,59,73,65,67,0.722395725,0.082055284,-1.777263458,-2.746075243,-0.564110409,0.809527739
rgb_67.png,120.35,115.41,60,74,66,68,0.679447794,0.268039983,-1.456757181,-2.994200591,-0.466117912,1.242210146
rgb_68.png,131.9,113.95,61,75,67,69,-1.951465121,-1.39993438,-1.452381492,-2.410550513,-2.496523374,-2.470586872
rgb_69.png,140.63,113.6,62,76,68,70,-1.980303723,-1.440355831,-1.362923682,-2.045869137,-2.61270506,-2.186145471
rgb_70.png,150.24,115.51,63,77,69,200,-2.009350896,-1.548005795,-1.334106771,-1.524790552,-2.6996977,-1.763565315
rgb_71.png,90.58,119.45,64,200,141,72,1.013481104,-0.028008785,-2.025446459,-2.58815389,-1.090049743,0.294374579
rgb_72.png,100.95,120.6,65,200,71,73,0.859879442,0.051964138,-1.944886175,-2.736625418,-0.828343311,0.549864788
rgb_73.png,111.19,120.53,66,200,72,74,0.806067115,0.187640318,-1.727095163,-2.827799587,-0.672422498,0.779954006
rgb_74.png,120.04,119.59,67,200,73,75,-1.800056242,0.090466277,1.624886122,-0.936043691,-2.203430708,-2.693389359
rgb_75.png,128.63,120.55,68,200,74,76,-1.873406674,-0.009069996,1.585549129,-0.741970277,-2.388932264,-2.497665842
rgb_76.png,140.52,119.22,69,200,75,77,-1.920561829,-0.144539469,1.453173895,-0.521914272,-2.526038253,-2.204131661
rgb_77.png,151.94,118.72,70,200,76,200,-1.943963336,-0.282207427,1.340173555,-0.223195449,-2.60521353,-1.881115527
rgb_78.png,81.86,90.95,84,111,79,0,-0.4437397,0.656056258,1.860794852,1.17759001,0.277767355,0.023433378
rgb_79.png,71.42,90.86,85,112,80,78,-0.323394276,0.279168667,1.062749062,-2.109806165,0.020334225,2.895279819
rgb_80.png,61,91.5,86,113,81,79,-0.321392326,0.267424816,1.683910091,1.375458015,-0.207696859,0.030328909
rgb_81.png,50.79,89.6,87,114,82,80,-0.358840938,0.025836769,1.445372211,1.40808243,-0.336069137,0.011564509
rgb_82.png,42.31,89.05,88,115,83,81,-0.425968806,-0.185613973,1.209281864,1.371618357,-0.442085767,0.021115497
rgb_83.png,32.25,90.46,89,116,200,82,-0.50662758,-0.438387608,0.892544974,1.325469892,-0.548059155,0.012956829
rgb_84.png,81.73,85.29,90,78,85,7,-0.357384326,0.693861836,1.716113125,0.623474548,0.201021607,0.400030465
rgb_85.png,70.56,85.13,91,79,86,84,1.650565474,1.107272139,1.663810735,0.646913816,-1.994060587,0.032062296
rgb_86.png,60.45,84.1,92,80,87,85,1.989562478,1.172208407,1.516322882,0.505839709,-2.500592978,0.12645427
rgb_87.png,50.81,85.24,93,81,88,86,2.131505842,1.226408971,1.360633845,0.429200966,-2.808164505,0.277999935
rgb_88.png,40.46,85.79,94,82,89,87,2.209182595,1.121870655,1.139253396,1.094116617,-3.034363049,1.067630381
rgb_89.png,31.2,86.3,200,83,200,88,-0.488022819,-1.145018212,-0.643768417,0.659480576,-0.558217995,-0.127721292
rgb_90.png,80.61,79.71,95,84,91,13,-0.213527611,-0.558500379,-1.262546851,-2.062994274,0.172188982,1.360542881
rgb_91.png,70.47,80.65,96,85,92,90,-0.206283809,-0.523034938,-0.81687532,-2.547213352,0.223270235,2.264126911
rgb_92.png,60,79.82,97,86,93,91,-0.223192976,-0.44690249,-0.355428109,-2.496741547,0.347572492,2.607915592
rgb_93.png,50.08,80.89,98,87,94,92,-0.290358899,-1.112536634,-1.029346571,0.487121408,-0.432968325,-0.361944311
rgb_94.png,40.59,79.12,99,88,200,93,-0.382866107,-1.02382385,-0.638175206,0.726932618,-0.520420641,-0.301999662
rgb_95.png,80.08,74.81,100,90,96,19,-0.164370526,-0.400393302,-0.919503703,-2.149566209,0.266128559,1.627017636
rgb_96.png,71.71,74.07,101,91,97,95,-0.107408601,-0.215274435,-0.245514887,-2.319656311,0.34903013,2.320382505
rgb_97.png,61.48,73.77,102,92,98,96,2.018263838,0.918434756,1.209635098,0.719434809,-2.494043777,0.346432481
rgb_98.png,51.14,74.06,103,93,99,97,2.179923528,0.891878057,0.981705182,0.854567894,-2.770977324,0.731512006
rgb_99.png,40.94,74.53,200,94,200,98,2.241575267,0.575781447,0.205284335,1.103375432,-2.883175055,1.479570086
rgb_100.png,81.78,69.58,104,95,101,24,0.798276273,-0.536443345,-1.17620659,-0.220579335,-1.018490287,-0.237461396
rgb_101.png,71.13,69.54,105,96,102,100,1.730589921,-0.341134353,-1.104661716,-0.372028347,-2.050703862,0.183971086
rgb_102.png,60.81,70.02,106,97,103,101,2.046472597,-0.162773501,-0.99083804,-0.232543905,-2.487789604,0.500707322
rgb_103.png,51.77,71.57,107,98,200,102,2.173175969,0.016295643,-0.758581179,0.171214194,-2.696579983,0.900973532
rgb_104.png,81.13,64.46,108,100,105,29,0.836462528,-0.413787637,-0.900640072,0.006819214,-1.06169427,-0.245312018
rgb_105.png,70.49,64.35,109,101,106,104,1.728592768,-0.234270603,-0.84612718,-0.133547185,-2.022209861,0.224698381
rgb_106.png,61.93,64.28,110,102,107,105,2.0429112,-0.051356354,-0.656501163,0.092315997,-2.438170685,0.578543219
rgb_107.png,49.9,66.13,200,103,200,106,2.186117888,0.413939327,0.114514287,0.773181359,-2.64774028,1.005590837
rgb_108.png,80.21,59.58,200,104,109,33,1.074080978,-0.205145983,-0.535689718,0.224983903,-1.299575639,-0.161193501
rgb_109.png,70.76,58.91,200,105,110,108,1.647717828,-0.069763663,-0.442758721,0.189308749,-1.937098147,0.218382287
rgb_110.png,60.02,59.59,200,106,200,109,1.981588329,0.164070623,-0.161143475,0.438670165,-2.345483423,0.587422899
rgb_111.png,81.73,94.79,78,117,112,36,1.01161465,-0.626496433,-1.951459657,-1.410108342,-1.186583966,0.022895421
rgb_112.png,71.16,94.46,79,118,113,111,1.596494273,-0.437065698,-1.866593393,-1.519791613,-1.942033756,-0.028243399
rgb_113.png,61.25,95.12,80,119,114,112,1.899423572,-0.239374111,-1.746988134,-1.635366467,-2.410500296,-0.089359407
rgb_114.png,50.79,94.81,81,120,115,113,2.076097639,0.04282906,-1.488514093,-1.790732869,-2.753591273,-0.234546022
rgb_115.png,40.64,95.3,82,121,116,114,2.138337961,0.316593343,-1.13433839,-2.01415253,-2.995894794,-0.556144937
rgb_116.png,30.93,93.8,83,122,200,115,-0.538126358,-0.369557885,1.079579148,1.258757927,-0.522993069,0.171992175
rgb_117.png,81.15,100.96,111,123,118,43,-0.721104918,0.475021616,2.00990601,1.840366097,0.576574256,-0.258219133
rgb_118.png,71.07,100.1,112,124,119,117,-0.522262077,0.247946408,1.794106417,2.337072418,0.255731503,-0.76670367
rgb_119.png,60.7,99.82,113,125,120,118,1.874728239,-0.175253844,-1.250460389,1.806152337,2.382300662,2.941656417
rgb_120.png,50,99.34,114,126,121,119,2.009575405,-0.033212476,-1.140221363,1.629265278,2.664559228,2.768953317
rgb_121.png,41.86,100.19,115,127,122,120,2.106122237,0.036990181,-1.163460855,1.081534678,2.900859335,2.293134351
rgb_122.png,30.51,100.36,116,128,200,121,2.112460669,0.130028067,-1.257777585,0.117557525,2.973789303,1.493913344
rgb_123.png,80.92,106.33,117,129,124,50,-0.819882768,0.371652674,2.043596358,2.086723535,0.695746182,-0.327413855
rgb_124.png,71.44,104.17,118,130,125,123,-0.579158021,0.192990444,1.818322323,2.471611906,0.340150196,-0.810041234
rgb_125.png,59.86,104.98,119,131,126,124,-0.565001799,-1.457172577,-1.487048278,1.354047887,0.268356874,-1.381012052
rgb_126.png,49.34,104.76,120,132,127,125,-0.552675211,-1.263622761,-1.059808125,2.290641308,0.306263072,-2.097117487
rgb_127.png,39.44,105.71,121,133,128,126,-0.580125311,-1.147236458,-0.730547219,2.780732315,0.38773792,-2.408878312
rgb_128.png,29.3,105.69,122,134,200,127,-0.60108147,-0.269162139,1.417442681,1.142183924,-0.517067285,0.479320256
rgb_129.png,81.48,111.17,123,135,130,57,-0.906244999,0.27489527,2.075336745,2.306548946,0.806381249,-0.371410929
rgb_130.png,70.94,109.44,124,136,131,129,-0.714176426,0.141064848,1.90288434,2.551647393,0.502597176,-0.721724594
rgb_131.png,60.44,109.12,125,137,132,130,1.761982686,-0.24912139,-1.528676807,1.423181294,2.231459197,2.85931601
rgb_132.png,49.95,110.33,126,138,133,131,1.919562692,-0.129842397,-1.505146589,1.119250739,2.523548206,2.602115193
rgb_133.png,39.16,111.18,127,139,134,132,2.000087171,0.001641924,-1.446371412,0.730344473,2.706583165,2.234807801
rgb_134.png,29.17,108.64,128,140,200,133,2.031230219,0.114735309,-1.398273772,0.245314704,2.780826327,1.76201897
rgb_135.png,78.83,114.55,129,141,136,64,-0.98893786,0.124320026,2.017547067,2.471384964,0.894649765,-0.385116896
rgb_136.png,68.48,114.66,130,142,137,135,-0.793231357,0.013253131,1.868755371,2.686661257,0.610267941,-0.726586192
rgb_137.png,60.34,114.83,131,143,138,136,-0.691950498,-0.110270013,1.655751379,2.969946511,0.466516692,-1.172548282
rgb_138.png,49.8,115.61,132,144,139,137,-0.671109129,0.214736828,1.897761068,0.177598162,-0.43567134,1.509542618
rgb_139.png,40.51,116.46,133,145,140,138,-0.693267216,0.032651762,1.820861315,0.564534825,-0.465279013,1.173222017
rgb_140.png,28.66,115.29,134,146,200,139,-0.724510473,-0.177920593,1.638348676,0.835514545,-0.526750873,0.916335942
rgb_141.png,80.03,120.09,135,200,142,71,-1.057807089,0.007892742,1.987860809,2.621040543,0.994354886,-0.389036426
rgb_142.png,69.44,119.72,136,200,143,141,-0.914222511,-0.069186733,1.879806735,2.763378204,0.752951308,-0.654554306
rgb_143.png,59.44,119.54,137,200,144,142,-0.782415234,-1.493353002,-1.92337059,-2.401423669,-0.582581284,2.037099201
rgb_144.png,49.07,118.5,138,200,145,143,-0.745584491,-1.59288918,-1.910575274,-1.971134908,-0.520846527,1.67252567
rgb_145.png,38.04,119.61,139,200,146,144,-0.749157134,-1.715475924,-1.831925255,-1.483864197,-0.54031272,1.337936068
rgb_146.png,29.47,120.34,140,200,200,145,-0.77884666,-1.769264588,-1.683077916,-1.054354904,-0.592431401,1.073137004
